suite_index,label_killed,n_covering_tests,max_p_killed
0,1,13,0.9999970197677612
1,1,65,0.9980230331420898
2,1,6,0.12975318729877472
3,1,56,0.9969682097434998
4,1,7,0.9999959468841553
5,1,27,0.9996991157531738
6,1,2,0.9990648627281189
7,1,56,0.9999958276748657
8,1,55,0.9982737302780151
9,1,4,0.9999910593032837
10,0,2,0.0004256570537108928
11,1,2,0.0003750207833945751
12,1,65,0.9035500288009644
13,1,20,0.9999886751174927
14,1,7,0.20832423865795135
15,1,65,0.9999864101409912
16,1,7,0.9677179455757141
17,0,2,0.00011639152216957882
18,1,50,0.9995618462562561
19,1,1,0.9912300109863281
20,1,48,0.9999911785125732
21,1,5,0.9999957084655762
22,1,27,0.9999972581863403
23,1,48,0.9999933242797852
24,1,55,0.18675075471401215
25,1,2,0.9869460463523865
26,1,5,0.9999960660934448
27,1,55,0.33628591895103455
28,1,55,0.9998168349266052
29,0,56,0.4950214624404907
30,1,5,0.9969198703765869
31,1,27,0.9992002844810486
32,1,7,0.9999954700469971
33,1,2,0.9999821186065674
34,1,2,0.9999910593032837
35,1,5,0.999995231628418
36,1,50,0.003540205070748925
37,0,7,0.019343752413988113
38,1,5,0.9999966621398926
39,1,65,0.9077371954917908
40,0,2,4.809750407730462e-06
41,0,7,0.0015524530317634344
42,1,48,0.9999794960021973
43,1,56,0.9999970197677612
44,1,7,0.9999825954437256
45,1,1,0.9625234007835388
46,1,27,0.001993118552491069
47,1,6,0.9999954700469971
48,1,48,0.853073239326477
49,1,55,0.022652259096503258
50,1,6,0.3960694372653961
51,1,7,0.9999768733978271
52,1,7,0.9999949932098389
53,1,7,0.2783335745334625
54,1,50,0.8301514387130737
55,0,2,0.22877737879753113
56,1,7,0.9999964237213135
57,1,7,0.6687487959861755
58,1,27,0.9999974966049194
59,1,79,0.7914456725120544
60,0,7,0.9185872077941895
61,1,7,0.025052472949028015
62,1,55,0.997560977935791
63,0,27,2.921626582974568e-05
64,1,7,0.17276814579963684
65,1,7,0.04089638218283653
66,1,5,0.9999961853027344
67,1,55,0.2079574167728424
68,1,7,0.11116238683462143
69,1,50,0.9999964237213135
70,1,27,0.1935800015926361
71,1,55,0.6119822263717651
72,1,56,0.8894311785697937
73,1,48,0.9999957084655762
74,1,12,0.000141577169415541
75,1,6,0.45803433656692505
76,1,7,0.9999954700469971
77,1,2,0.9957258701324463
78,1,50,0.9999966621398926
79,0,7,0.8860324621200562
80,1,55,0.9999829530715942
81,1,79,0.9999971389770508
82,1,6,0.8434900641441345
83,1,7,0.9999959468841553
84,1,56,0.9388443231582642
85,1,27,0.9978522062301636
86,0,2,1.394174887536792e-05
87,1,50,0.9999969005584717
88,1,55,0.02764301560819149
89,1,13,0.9981036186218262
90,1,79,0.9999949932098389
91,1,61,0.9999890327453613
92,1,7,0.9736614227294922
93,1,48,0.9999924898147583
94,1,6,0.5286604762077332
95,0,56,0.999995231628418
96,1,55,0.682252824306488
97,0,55,0.00012439675629138947
98,1,13,0.9999959468841553
99,1,7,0.010543751530349255
100,1,5,0.9999971389770508
101,0,56,0.999966025352478
102,1,56,0.9443485140800476
103,1,5,2.0128252799622715e-05
104,1,4,0.6541102528572083
105,1,7,0.46712207794189453
106,0,7,0.18128950893878937
107,1,55,0.6134312152862549
108,1,5,0.999996542930603
109,1,27,0.9966126084327698
110,1,5,0.9997941851615906
111,1,56,0.9999948740005493
112,1,5,0.9999947547912598
113,1,7,0.323208212852478
114,1,48,0.9999957084655762
115,1,65,0.8493323922157288
116,1,55,0.38002026081085205
117,1,5,0.9951606392860413
118,1,55,0.9999973773956299
119,0,5,0.015680287033319473
120,1,55,0.7307817339897156
121,1,1,0.9999932050704956
122,0,55,0.768467366695404
123,1,7,0.9999963045120239
124,1,7,0.19726203382015228
125,1,7,0.9999974966049194
126,1,27,0.9955326318740845
127,1,2,0.9999945163726807
128,1,2,0.00271747843362391
129,1,48,0.9999964237213135
130,0,2,0.0015163811622187495
131,1,50,0.999992847442627
132,1,2,0.9999969005584717
133,1,50,0.9999960660934448
134,1,7,0.9939279556274414
135,0,5,0.009465130977332592
136,1,27,0.998474657535553
137,1,55,0.9998793601989746
138,1,5,0.9999929666519165
139,1,1,0.9999709129333496
140,1,79,0.0032570732291787863
141,1,12,0.9999961853027344
142,1,54,0.9999780654907227
143,1,7,0.9999945163726807
144,1,50,0.999995231628418
145,1,6,0.6202374696731567
146,1,79,0.99997878074646
147,0,7,0.0831054300069809
148,0,55,0.6895776987075806
149,1,49,0.9999947547912598
150,1,79,0.9999960660934448
151,1,27,0.8983586430549622
152,1,7,0.0017792059807106853
153,1,79,0.9343979358673096
154,1,9,0.04956378787755966
155,1,79,0.9999769926071167
156,1,5,0.9999957084655762
157,1,7,0.2461903840303421
158,1,56,0.9999877214431763
159,1,7,0.9999744892120361
160,1,55,0.2219945788383484
161,1,79,0.9482114911079407
162,1,5,0.9999948740005493
163,1,7,0.89713454246521
164,1,77,0.9977033734321594
165,1,48,0.9999942779541016
166,1,65,0.9994020462036133
167,1,7,0.00020337598107289523
168,1,5,0.6687142848968506
169,1,48,0.9999971389770508
170,1,1,0.999987006187439
171,0,56,0.19579091668128967
172,1,77,0.999923586845398
173,1,7,0.9982593655586243
174,1,7,0.999984860420227
175,1,55,0.0012393915094435215
176,1,65,0.7967062592506409
177,1,55,0.9999947547912598
178,1,5,0.00014906642900314182
179,1,55,0.5537277460098267
180,1,5,0.9999970197677612
181,1,7,0.9999551773071289
182,1,5,0.9998786449432373
183,1,55,0.7841614484786987
184,1,55,0.9935733675956726
185,1,55,0.9837184548377991
186,1,18,0.9999970197677612
187,1,56,0.14213517308235168
188,1,7,0.9999897480010986
189,1,82,0.999936580657959
190,0,48,0.9999969005584717
191,1,55,0.6862950921058655
192,1,7,0.9268200993537903
193,0,48,2.1783753254567273e-05
194,1,6,0.7947486042976379
195,1,55,0.4352893829345703
196,1,56,0.9928580522537231
197,1,5,0.9998760223388672
198,1,55,0.0010073008015751839
199,0,4,0.7730395793914795
200,1,2,1.8212649592896923e-05
201,1,3,0.9999371767044067
202,0,2,8.223209079005755e-06
203,0,2,0.0002848639851436019
204,1,2,0.9999792575836182
205,0,2,6.539782589243259e-06
206,0,2,6.679912530671572e-06
207,0,2,7.489857125619892e-06
208,0,2,0.32911717891693115
209,0,2,3.17590638587717e-05
210,0,2,7.045669190119952e-05
211,0,2,1.1814836398116313e-05
212,1,2,0.0005127690965309739
213,1,2,0.12744326889514923
214,1,2,0.013369576074182987
215,1,242,0.010584896430373192
216,0,2,0.008527623489499092
217,1,1,0.9999728202819824
218,1,17,0.9999953508377075
219,0,2,0.4943087100982666
220,0,1,0.09996097534894943
221,0,2,1.0050680430140346e-05
222,0,2,0.12382586300373077
223,0,242,0.9554375410079956
224,0,1,0.3853349983692169
225,0,2,7.3246155807282776e-06
226,1,5,0.999994158744812
227,1,2,2.7989235604763962e-05
228,0,2,0.09052024781703949
229,0,1,0.13902075588703156
230,0,2,1.882729156932328e-05
231,0,2,9.945063357008621e-05
232,1,242,0.9779795408248901
233,1,14,0.9995458722114563
234,0,2,1.019103638100205e-05
235,0,2,0.0006226629484444857
236,0,2,7.304378868866479e-06
237,0,2,0.011354695074260235
238,1,2,0.9999886751174927
239,1,1,0.9999864101409912
240,0,2,0.006899615749716759
241,1,2,0.0008967086323536932
242,1,242,0.76506507396698
243,1,242,0.9999964237213135
244,1,5,0.999981164932251
245,0,2,0.008692102506756783
246,1,2,8.055994840105996e-06
247,1,9,0.8820821046829224
248,1,2,1.1861744496854953e-05
249,0,2,0.0009390469640493393
250,0,2,0.07446163892745972
251,0,2,0.9985659718513489
252,0,2,7.319189990084851e-06
253,0,2,0.9999891519546509
254,1,242,0.9999815225601196
255,1,1,0.9964602589607239
256,0,2,7.972094863362145e-06
257,0,2,0.10237650573253632
258,0,2,0.009479210712015629
259,0,2,0.00033270099083893
260,1,242,0.9999966621398926
261,0,2,7.757343155390117e-06
262,0,2,0.0010996839264407754
263,0,2,1.3215171748015564e-05
264,1,15,0.9999957084655762
265,1,2,7.061280939524295e-06
266,0,2,1.3531909644370899e-05
267,0,2,0.00197585322894156
268,1,152,0.9942412376403809
269,0,2,8.34407182992436e-05
270,0,2,8.493760105920956e-06
271,0,2,9.430290447198786e-06
272,0,2,0.00014909359742887318
273,0,2,9.512177712167613e-06
274,0,2,0.19944289326667786
275,1,12,0.9533584713935852
276,0,9,0.9999935626983643
277,0,2,0.0026594868395477533
278,1,1,0.9999759197235107
279,0,2,0.16252073645591736
280,0,2,1.40436177389347e-05
281,0,2,0.0006325608701445162
282,0,2,0.5438450574874878
283,1,242,0.005628994200378656
284,1,6,0.9999823570251465
285,1,9,0.0018461091676726937
286,1,3,0.00015181965136434883
287,0,2,6.5938470470428e-06
288,0,2,0.2206067442893982
289,1,2,1.6042076822486706e-05
290,0,2,9.326908184448257e-06
291,0,2,2.1185735022299923e-05
292,0,2,2.0894576664431952e-05
293,1,20,0.7238538265228271
294,0,2,0.10483132302761078
295,1,2,0.9999948740005493
296,1,1,0.9999804496765137
297,0,2,1.2353172678558622e-05
298,1,242,0.9993682503700256
299,0,2,0.004896299447864294
300,0,2,5.607242655969458e-06
301,1,150,0.9997768998146057
302,1,5,0.7283838391304016
303,1,87,0.9998518228530884
304,1,7,0.9999943971633911
305,0,7,0.9999903440475464
306,0,2,0.0001338105066679418
307,0,2,0.0060173263773322105
308,1,7,0.8214696049690247
309,0,2,0.011726638302206993
310,0,2,2.7754296752391383e-05
311,0,2,3.461856977082789e-05
312,0,2,0.002941950922831893
313,1,2,1.692596561042592e-05
314,0,2,0.0002832029713317752
315,0,2,0.0013228422030806541
316,1,2,2.4919278075685725e-05
317,1,8,0.9999847412109375
318,0,2,0.6516210436820984
319,1,242,0.979939877986908
320,0,2,7.720668691035826e-06
321,1,7,0.9427366256713867
322,0,2,0.0006204164237715304
323,0,2,0.0005259609897620976
324,1,242,0.47677332162857056
325,1,242,0.9999626874923706
326,0,2,7.744702998024877e-06
327,0,2,0.05744286626577377
328,0,2,0.0012547677615657449
329,1,2,0.9999910593032837
330,0,2,9.277636308979709e-06
331,1,1,0.9999924898147583
332,0,2,0.00011875082418555394
333,0,2,0.016828227788209915
334,0,2,6.099087840993889e-06
335,0,2,0.001205506850965321
336,1,4,0.0024772260803729296
337,0,2,7.765559530525934e-06
338,1,8,0.00034717301605269313
339,0,2,8.839002475724556e-06
340,0,2,0.8845282196998596
341,0,2,9.795601363293827e-05
342,1,17,0.9999904632568359
343,1,242,0.9562907218933105
344,1,8,0.9999867677688599
345,1,1,0.9999555349349976
346,0,2,0.03485601395368576
347,1,17,0.25685155391693115
348,1,3,0.9999493360519409
349,1,4,0.9999877214431763
350,0,2,0.0014475046191364527
351,0,2,0.00013304587628226727
352,1,10,0.9919374585151672
353,0,2,6.016597126290435e-06
354,1,3,0.9999948740005493
355,1,7,0.9999823570251465
356,0,2,0.005377978086471558
357,1,1,0.9999711513519287
358,0,2,5.943162705079885e-06
359,0,2,7.413881576212589e-06
360,1,242,0.9999932050704956
361,1,1,0.9999864101409912
362,1,2,0.9999954700469971
363,1,13,0.999993085861206
364,0,1,0.004922972992062569
365,0,2,0.002008461393415928
366,0,2,7.084085609676549e-06
367,0,2,0.0006857076659798622
368,1,2,1.0309307072020601e-05
369,0,2,1.5903780877124518e-05
370,1,6,0.9999948740005493
371,1,1,0.9998977184295654
372,0,2,0.01782224327325821
373,0,25,0.28661346435546875
374,0,2,6.104814019636251e-06
375,0,2,0.0006819476839154959
376,0,2,1.0399311577202752e-05
377,0,2,0.15667778253555298
378,0,2,0.009361694566905499
379,0,2,0.0006292438483797014
380,1,18,0.9825061559677124
381,1,1,0.9999932050704956
382,0,2,0.00408864626660943
383,1,242,0.956071674823761
384,0,2,0.040819961577653885
385,0,2,0.028723381459712982
386,0,2,0.9940142035484314
387,1,20,1.1410704246372916e-05
388,0,2,0.007975942455232143
389,0,2,0.003296678187325597
390,1,1,0.9999812841415405
391,0,2,0.00017268626834265888
392,1,13,0.00021793680207338184
393,1,6,0.8701775074005127
394,1,242,0.9999539852142334
395,1,17,0.005689207464456558
396,1,7,3.578870018827729e-05
397,0,2,0.00760387908667326
398,0,2,0.0014144845772534609
399,1,1,0.7658880352973938
400,1,87,0.8966913819313049
401,1,91,0.7185684442520142
402,0,7,0.4995538592338562
403,1,14,0.9999929666519165
404,1,91,0.9777251482009888
405,1,76,0.9995794892311096
406,1,22,0.9998219609260559
407,1,5,3.6298297345638275e-05
408,1,4,0.9999566078186035
409,1,2,0.9948992133140564
410,1,89,0.999967098236084
411,1,76,0.9998703002929688
412,0,48,0.9999939203262329
413,1,45,0.9999972581863403
414,1,78,0.6915321946144104
415,1,6,0.9999827146530151
416,1,63,0.9999918937683105
417,1,2,1.0283932169841137e-05
418,1,8,0.9999713897705078
419,0,2,2.2967093173065223e-05
420,1,14,0.9999966621398926
421,1,89,0.9661006927490234
422,1,4,0.3909463882446289
423,1,2,0.9985014200210571
424,1,91,0.9228849411010742
425,1,2,0.9999418258666992
426,1,88,0.9999972581863403
427,0,4,0.9999362230300903
428,1,35,0.9999942779541016
429,1,4,0.9999605417251587
430,1,57,0.9999974966049194
431,0,4,0.9999785423278809
432,1,5,0.9983243346214294
433,0,6,0.999976634979248
434,1,91,0.9999823570251465
435,1,53,0.9999949932098389
436,1,5,0.7006850242614746
437,1,62,0.9999967813491821
438,1,87,0.9465554356575012
439,1,6,0.9999916553497314
440,1,65,0.999995231628418
441,1,88,0.7394922375679016
442,1,3,0.999990701675415
443,1,4,0.9999676942825317
444,1,6,0.999976634979248
445,1,2,0.06081492453813553
446,0,87,0.05060063302516937
447,1,88,0.9999970197677612
448,0,14,0.6050477623939514
449,1,5,0.9985032081604004
450,0,1,0.04264013096690178
451,1,88,0.9999970197677612
452,1,89,0.9536278247833252
453,1,4,0.9150310754776001
454,1,4,0.9998576641082764
455,1,6,0.9999936819076538
456,1,63,0.9999970197677612
457,1,87,0.9904323220252991
458,1,1,0.9999905824661255
459,1,5,1.3292499716044404e-05
460,1,9,0.9999954700469971
461,1,88,0.9999973773956299
462,1,2,3.098202432738617e-05
463,1,80,0.9982820749282837
464,1,5,0.00417458126321435
465,1,22,0.9999755620956421
466,1,89,0.9444432258605957
467,1,88,0.9999974966049194
468,1,1,0.998206377029419
469,1,7,0.9999767541885376
470,1,22,0.9904307723045349
471,1,65,0.9999971389770508
472,1,2,0.13654938340187073
473,0,88,0.8207350969314575
474,1,2,0.02460411936044693
475,1,24,0.9999945163726807
476,1,7,0.9999961853027344
477,1,80,0.721889317035675
478,1,65,0.9999960660934448
479,0,5,0.9574296474456787
480,1,2,0.18156731128692627
481,1,88,0.9999934434890747
482,1,91,0.7277652025222778
483,1,4,0.9999523162841797
484,0,31,0.9999961853027344
485,0,5,0.9999768733978271
486,1,6,0.9999967813491821
487,1,89,0.9999676942825317
488,1,22,0.9326874613761902
489,1,4,0.9999246597290039
490,1,89,0.9949358701705933
491,1,67,0.9999969005584717
492,1,22,0.9158329963684082
493,1,53,0.9999805688858032
494,1,6,0.9999915361404419
495,1,87,0.9971268773078918
496,1,76,0.92122483253479
497,1,15,0.9999768733978271
498,1,7,0.9999961853027344
499,1,31,0.9999970197677612
500,1,9,0.9999958276748657
501,1,91,0.9171183109283447
502,1,2,0.9999910593032837
503,1,35,0.9999887943267822
504,1,3,0.9999219179153442
505,0,89,0.87245774269104
506,1,1,0.9999731779098511
507,1,21,5.576376133831218e-05
508,1,6,0.9999827146530151
509,1,65,0.9999969005584717
510,1,6,0.9999854564666748
511,1,4,7.11397806298919e-05
512,1,15,0.9999936819076538
513,1,77,0.5546136498451233
514,1,63,0.9999949932098389
515,1,7,0.48821401596069336
516,1,91,0.9924537539482117
517,0,91,0.9151723384857178
518,1,2,0.9998414516448975
519,1,22,0.9999966621398926
520,1,4,0.9999873638153076
521,1,91,0.9911277294158936
522,1,87,0.9999946355819702
523,1,2,2.589618816273287e-05
524,1,48,0.99998939037323
525,0,57,0.9999957084655762
526,1,45,0.9999963045120239
527,1,6,0.9999731779098511
528,1,3,0.9999970197677612
529,1,26,0.9990678429603577
530,1,1,0.9998960494995117
531,1,1,0.9999933242797852
532,1,5,0.9999830722808838
533,1,4,0.9999549388885498
534,0,2,1.1105678822787013e-05
535,1,89,0.02264479175209999
536,1,4,0.9999964237213135
537,1,87,0.9999940395355225
538,1,89,0.6584441661834717
539,1,22,0.9999887943267822
540,1,35,0.9999960660934448
541,1,89,0.9932013154029846
542,1,76,0.8497965931892395
543,1,22,0.999997615814209
544,1,3,0.9999949932098389
545,0,6,0.9999752044677734
546,1,48,0.9999970197677612
547,1,2,0.8997418284416199
548,1,1,0.9997908473014832
549,1,89,0.9987531900405884
550,1,12,0.9999971389770508
551,1,1,1.947125383594539e-05
552,1,88,0.9999963045120239
553,1,14,0.00020435544138308614
554,1,87,0.9870338439941406
555,1,80,0.477163165807724
556,1,2,5.877828698430676e-06
557,0,4,1.1555486707948148e-05
558,0,6,1.8449241906637326e-05
559,1,45,0.9999966621398926
560,1,15,0.9999958276748657
561,1,89,0.9807312488555908
562,1,4,0.9999853372573853
563,1,6,0.9999876022338867
564,1,1,0.9999841451644897
565,1,88,0.990641176700592
566,1,5,0.9999971389770508
567,1,78,0.9993853569030762
568,1,2,0.5879918336868286
569,0,1,0.9998399019241333
570,1,20,0.00046082641347311437
571,1,91,0.7182126641273499
572,1,88,0.9999974966049194
573,1,7,0.5179406404495239
574,1,4,0.9997064471244812
575,0,1,9.930337546393275e-05
576,1,5,0.9948121309280396
577,1,59,0.999996542930603
578,1,5,0.9920302629470825
579,1,22,0.9999771118164062
580,1,88,0.8555651307106018
581,0,64,0.9998782873153687
582,1,7,0.9953956007957458
583,1,88,0.9999970197677612
584,1,1,0.9998868703842163
585,1,5,0.9999343156814575
586,0,89,0.9999955892562866
587,1,88,0.9330001473426819
588,1,22,0.9999970197677612
589,1,59,0.9999972581863403
590,1,4,0.9999709129333496
591,1,4,0.9999973773956299
592,0,4,0.9758828282356262
593,1,48,0.9999961853027344
594,1,89,0.9999971389770508
595,1,3,0.9999972581863403
596,1,1,0.9998341798782349
597,0,80,0.0031807429622858763
598,1,5,0.9999700784683228
599,1,17,0.9999929666519165
600,1,1,0.9999940395355225
601,1,89,0.9999035596847534
602,1,2,0.9999946355819702
603,1,89,0.9999637603759766
604,1,89,0.001077505643479526
605,0,95,0.9996854066848755
606,0,1,0.10113789886236191
607,1,5,0.9999951124191284
608,1,21,0.9999951124191284
609,0,1,0.9999974966049194
610,1,89,0.9999967813491821
611,1,2,0.9999967813491821
612,1,91,0.9999964237213135
613,1,91,0.9913596510887146
614,0,7,0.9305192828178406
615,0,2,0.9999812841415405
616,1,7,0.9999935626983643
617,1,2,0.9999946355819702
618,1,2,0.9999862909317017
619,0,2,0.35049572587013245
620,1,91,0.9999819993972778
621,1,2,0.6867386102676392
622,0,1,5.708659045922104e-06
623,1,2,0.9811680316925049
624,1,89,0.9997387528419495
625,1,7,0.988021731376648
626,0,27,0.8855962753295898
627,1,95,0.9999960660934448
628,1,6,0.999996542930603
629,1,21,0.9999939203262329
630,0,2,0.07041982561349869
631,1,95,0.9989193677902222
632,0,1,0.999995231628418
633,1,2,0.9999958276748657
634,1,91,0.9999966621398926
635,1,2,0.02618696168065071
636,1,20,0.9999970197677612
637,1,91,0.9999977350234985
638,1,95,0.006016357336193323
639,1,4,0.13079729676246643
640,1,27,0.9999951124191284
641,1,2,0.9997687935829163
642,1,91,0.9999847412109375
643,1,89,0.9999971389770508
644,1,7,0.004776874557137489
645,1,1,0.4601426124572754
646,1,2,8.900569082470611e-05
647,1,73,0.9999959468841553
648,1,1,0.9999923706054688
649,1,89,0.00289325974881649
650,1,89,0.9939340949058533
651,1,7,0.6708946824073792
652,1,5,0.9999939203262329
653,1,17,0.5699553489685059
654,1,2,0.9998921155929565
655,1,91,0.9927593469619751
656,1,3,0.00032751751132309437
657,1,2,0.9999831914901733
658,1,89,0.6161581873893738
659,1,91,0.999996542930603
660,0,4,6.858187407488003e-05
661,1,15,0.15476973354816437
662,1,71,0.8765023946762085
663,1,7,0.9999922513961792
664,1,1,0.9979445338249207
665,1,4,0.004931689240038395
666,1,91,0.001163603039458394
667,1,7,0.9994983673095703
668,0,7,2.5760689823073335e-05
669,1,91,0.9999969005584717
670,0,1,0.7785863876342773
671,1,7,6.532065526698716e-06
672,1,2,0.9999945163726807
673,1,7,0.999992847442627
674,1,89,0.9853649735450745
675,1,7,0.9924492835998535
676,1,91,0.9932032823562622
677,1,1,0.7678371071815491
678,1,8,0.9999946355819702
679,0,2,8.955295015766751e-06
680,1,89,0.000719353323802352
681,0,7,0.6646663546562195
682,1,89,0.9999109506607056
683,1,89,0.2135756015777588
684,1,95,0.9999969005584717
685,1,5,0.9999847412109375
686,1,95,0.9994882345199585
687,1,95,0.9999969005584717
688,0,7,3.4868819057010114e-05
689,1,90,0.0006565855583176017
690,1,17,0.9999969005584717
691,1,91,0.9999966621398926
692,1,95,0.9978355765342712
693,1,15,0.9999967813491821
694,1,91,0.9993336796760559
695,1,15,0.5267385244369507
696,1,2,0.9826318025588989
697,1,2,0.9999963045120239
698,1,95,0.9999966621398926
699,1,1,0.9999833106994629
700,1,89,0.9777155518531799
701,0,1,0.0001965991104952991
702,1,1,0.999995231628418
703,0,7,7.970026672410313e-06
704,0,90,0.5933756828308105
705,1,7,0.9999845027923584
706,0,1,0.9999556541442871
707,1,92,0.5303675532341003
708,0,17,0.9955624341964722
709,1,45,0.9999972581863403
710,1,2,0.9999953508377075
711,1,95,0.0014220000011846423
712,1,7,0.6234235763549805
713,1,1,0.9999938011169434
714,0,1,0.00010438657773192972
715,1,4,0.9985054731369019
716,1,5,0.9999967813491821
717,1,89,0.999996542930603
718,0,89,0.9601520299911499
719,1,1,0.00048336066538468003
720,1,4,0.17897267639636993
721,1,90,0.9995023012161255
722,1,89,0.9935019612312317
723,0,2,0.5140042901039124
724,1,89,0.9999362230300903
725,1,91,0.750465989112854
726,1,91,0.9999561309814453
727,1,66,0.999996542930603
728,1,95,0.9076881408691406
729,1,2,0.6493195295333862
730,1,89,0.9990932941436768
731,1,1,0.9999860525131226
732,1,5,0.9999949932098389
733,1,89,0.9999969005584717
734,0,3,0.00016725820023566484
735,1,1,0.9999959468841553
736,1,91,0.08430788666009903
737,1,7,0.9999936819076538
738,1,7,0.9999951124191284
739,1,7,0.005791182164102793
740,1,91,0.2987784147262573
741,1,89,0.03712775558233261
742,1,7,0.6331301331520081
743,1,1,0.9999935626983643
744,1,2,0.999993085861206
745,1,95,0.9972038269042969
746,1,1,0.9999940395355225
747,1,2,0.9717978835105896
748,1,5,0.9999964237213135
749,0,1,0.005113356281071901
750,1,91,0.07900063693523407
751,1,2,0.005306408274918795
752,1,27,2.976198447868228e-05
753,1,4,0.9999971389770508
754,1,7,0.9999948740005493
755,0,7,0.5410422682762146
756,1,7,0.9999632835388184
757,1,5,0.9999955892562866
758,0,7,0.5870355367660522
759,0,3,1.6603124095126987e-05
760,0,3,7.748441021249164e-06
761,1,95,0.999887228012085
762,1,66,0.38416364789009094
763,1,15,0.999995231628418
764,1,1,0.0035509818699210882
765,1,95,0.9999966621398926
766,0,89,0.5836304426193237
767,1,4,0.9995365142822266
768,1,91,0.9999725818634033
769,1,1,0.9367268085479736
770,0,91,0.9625643491744995
771,1,91,0.9999804496765137
772,1,91,0.9995039701461792
773,1,2,0.8125320076942444
774,1,7,0.9977731108665466
775,0,91,0.8201050758361816
776,1,4,0.0016338028945028782
777,0,4,0.9665805101394653
778,1,2,0.9999964237213135
779,1,89,0.9999970197677612
780,1,2,0.999972939491272
781,1,89,0.010701948776841164
782,1,1,0.9999943971633911
783,1,91,0.008251051418483257
784,1,2,4.430907210917212e-05
785,1,91,0.9998031258583069
786,1,14,0.9999964237213135
787,1,2,8.125755812216084e-06
788,0,89,0.185102179646492
789,1,91,0.004850404337048531
790,1,7,0.00011754423758247867
791,1,89,0.9999665021896362
792,1,91,0.9999971389770508
793,1,91,0.9508660435676575
794,0,2,1.3515982573153451e-05
795,0,7,7.147221822378924e-06
796,1,66,0.776699423789978
797,1,1,0.00010006810043705627
798,1,95,0.9999951124191284
799,1,5,0.9999955892562866
800,1,28,0.043188583105802536
801,1,23,0.9999964237213135
802,1,23,0.9999935626983643
803,1,28,0.45752185583114624
804,0,28,0.8953700065612793
805,0,76,0.978816032409668
806,0,3,0.9999974966049194
807,1,23,0.9999662637710571
808,1,28,0.0003026945050805807
809,1,28,0.0019851515535265207
810,1,42,0.9999923706054688
811,0,28,0.1368788182735443
812,0,28,0.6651601791381836
813,1,42,0.9999945163726807
814,1,28,0.9999921321868896
815,1,28,0.00012315361527726054
816,1,76,0.9999955892562866
817,0,28,0.020515691488981247
818,1,28,0.9999922513961792
819,1,42,0.9999924898147583
820,1,23,0.9999924898147583
821,1,7,0.999994158744812
822,1,42,0.999995231628418
823,0,28,0.07938293367624283
824,1,28,0.9999949932098389
825,1,23,0.9999924898147583
826,0,28,0.6247820258140564
827,1,28,0.9298160672187805
828,1,28,0.7989703416824341
829,1,28,0.9994267225265503
830,1,28,0.9967061877250671
831,1,28,0.9228265881538391
832,1,28,0.0014740641927346587
833,0,28,0.5806546807289124
834,0,76,0.9999799728393555
835,1,28,3.0364082704181783e-05
836,1,76,0.7465436458587646
837,1,28,0.4232495129108429
838,1,28,0.9345768690109253
839,1,23,0.9999752044677734
840,1,242,0.9999957084655762
841,1,64,0.9999911785125732
842,1,242,0.9840492010116577
843,1,22,0.9891636371612549
844,1,242,0.9999547004699707
845,1,242,0.3729802668094635
846,1,65,0.1848641037940979
847,1,63,0.050991468131542206
848,1,22,1.607160083949566e-05
849,1,2,0.9999909400939941
850,1,65,0.9999972581863403
851,1,242,0.511878252029419
852,1,242,0.9993384480476379
853,1,9,0.9999938011169434
854,1,68,0.9999914169311523
855,1,22,0.05647571012377739
856,1,2,0.38410380482673645
857,1,2,0.9999963045120239
858,1,65,0.9999756813049316
859,0,4,1.8932441889774054e-05
860,1,23,0.6233823895454407
861,1,2,0.9999948740005493
862,1,2,0.9982970356941223
863,0,242,0.9992411136627197
864,1,22,0.005657493136823177
865,1,2,0.9999852180480957
866,0,45,0.9999147653579712
867,1,68,0.9999951124191284
868,1,242,0.9999960660934448
869,1,63,0.999843955039978
870,1,242,0.9999938011169434
871,1,22,0.958759069442749
872,1,242,0.9999942779541016
873,0,22,1.9452656488283537e-05
874,1,2,0.9999929666519165
875,0,22,0.23782512545585632
876,1,13,0.999996542930603
877,1,2,0.9999570846557617
878,0,4,0.7324545979499817
879,1,65,0.9999778270721436
880,1,13,0.9999792575836182
881,1,2,0.9999902248382568
882,0,2,0.9999070167541504
883,1,5,0.0005084140575490892
884,1,64,0.9999959468841553
885,0,2,0.9999961853027344
886,1,22,0.036504413932561874
887,1,65,0.00011189886572537944
888,1,242,0.9999957084655762
889,1,242,0.9999947547912598
890,0,2,0.9999204874038696
891,1,12,0.9999955892562866
892,1,2,0.9999727010726929
893,1,22,0.9868755340576172
894,1,65,0.9999477863311768
895,1,28,0.9999949932098389
896,1,242,0.9954328536987305
897,0,63,0.5025116801261902
898,1,22,2.5308529075118713e-05
899,0,63,0.5746793150901794
900,1,64,0.9999958276748657
901,0,242,0.9999861717224121
902,1,242,0.799127995967865
903,1,1,0.0004586612631101161
904,1,65,0.9999955892562866
905,1,10,0.9999964237213135
906,1,242,0.6139199137687683
907,1,242,0.997722327709198
908,0,22,0.999923586845398
909,1,25,0.9999966621398926
910,1,22,0.9995423555374146
911,0,12,0.999991774559021
912,1,5,0.9999966621398926
913,1,242,0.999995231628418
914,1,13,0.1825292408466339
915,1,242,0.9920676946640015
916,1,5,0.017234327271580696
917,1,22,0.9999951124191284
918,1,3,0.0010900653433054686
919,1,4,0.9999934434890747
920,1,46,0.20346792042255402
921,1,242,0.9999542236328125
922,1,2,0.9999954700469971
923,1,242,0.999995231628418
924,1,13,0.9999971389770508
925,1,1,1.992370016523637e-05
926,1,22,0.9893247485160828
927,1,242,0.9648714661598206
928,1,22,0.00047209853073582053
929,1,2,0.9999785423278809
930,1,242,0.9999942779541016
931,1,67,0.5678828954696655
932,1,13,0.9999909400939941
933,1,242,0.9999896287918091
934,1,242,0.9946901798248291
935,1,10,0.9999964237213135
936,1,4,0.9999957084655762
937,1,22,0.9999409914016724
938,1,242,0.995398223400116
939,1,242,0.9999945163726807
940,1,45,0.9999706745147705
941,1,63,0.8475642800331116
942,0,2,0.9992077946662903
943,1,22,0.9999946355819702
944,1,68,0.9999951124191284
945,1,2,0.016849732026457787
946,1,242,0.9470030665397644
947,1,22,0.1568010449409485
948,1,242,0.04233533889055252
949,1,1,0.00044966742279939353
950,1,2,0.9998787641525269
951,1,2,0.9999687671661377
952,1,242,0.5715737342834473
953,1,13,0.9999938011169434
954,1,2,0.9637904763221741
955,1,2,0.9999924898147583
956,1,65,5.6090902944561094e-05
957,1,63,0.13935254514217377
958,1,242,0.9955974221229553
959,1,24,0.9998618364334106
960,1,28,0.34845101833343506
961,1,22,0.8130798935890198
962,1,63,0.3925943374633789
963,1,65,0.0001051456420100294
964,0,45,0.5158265829086304
965,1,9,0.9999228715896606
966,1,2,0.6667766571044922
967,1,23,0.999994158744812
968,1,2,6.937005673535168e-05
969,1,242,0.999485969543457
970,0,2,1.6404748748755082e-05
971,1,4,0.999969482421875
972,1,4,0.9999608993530273
973,1,64,0.9999953508377075
974,1,242,0.8072142601013184
975,1,2,0.9999933242797852
976,1,68,0.9999915361404419
977,1,242,0.0006344183348119259
978,0,1,0.9994202852249146
979,1,64,0.9999964237213135
980,0,2,0.002356755081564188
981,1,242,0.9999966621398926
982,1,242,0.733534038066864
983,1,2,0.9845314621925354
984,1,1,0.9442716240882874
985,1,63,0.9999948740005493
986,1,63,0.95680171251297
987,1,65,0.0024819003883749247
988,1,242,0.9999957084655762
989,1,242,0.9524301886558533
990,1,10,0.9999955892562866
991,1,3,0.9999947547912598
992,1,2,0.8248849511146545
993,1,64,0.9999955892562866
994,1,242,0.9999948740005493
995,1,63,0.9999961853027344
996,1,2,0.20254510641098022
997,1,2,0.9998993873596191
998,0,2,2.2237230950850062e-05
999,1,63,0.999843955039978
1000,1,242,0.05937942862510681
1001,1,242,0.8234446048736572
1002,1,22,4.0800354327075183e-05
1003,1,65,0.9999884366989136
1004,1,2,0.9999951124191284
1005,1,22,0.9999902248382568
1006,1,2,0.9999964237213135
1007,1,1,0.9999821186065674
1008,1,22,0.9999850988388062
1009,1,27,1.0252741958538536e-05
1010,1,22,0.0007501774234697223
1011,1,64,0.9999961853027344
1012,0,5,0.00011958170216530561
1013,1,242,0.9999961853027344
1014,1,63,0.9999936819076538
1015,1,2,0.9960475564002991
1016,1,242,0.8298448920249939
1017,1,24,0.9998043179512024
1018,1,13,0.9999969005584717
1019,1,242,0.9973410964012146
1020,1,65,0.0810084119439125
1021,1,2,0.7356100082397461
1022,1,63,0.19190305471420288
1023,1,68,0.7948680520057678
1024,1,242,0.9978756904602051
1025,1,27,0.9999943971633911
1026,1,66,0.9999954700469971
1027,1,242,0.9999475479125977
1028,1,22,0.9738926887512207
1029,1,6,0.9999880790710449
1030,1,22,0.9969984292984009
1031,1,2,0.816256046295166
1032,1,27,0.023563535884022713
1033,1,2,0.9999957084655762
1034,1,242,0.9999732971191406
1035,1,2,0.11360197514295578
1036,1,2,0.9999922513961792
1037,1,242,0.9999960660934448
1038,1,242,0.9999876022338867
1039,0,22,0.997281551361084
